{"cameraMode":{"drawMode":0,"name":"Shaded","section":"Shading Mode"},"sceneLighting":false,"audioPlay":false,"sceneViewState":{"m_AlwaysRefresh":false,"showFog":true,"showSkybox":false,"showFlares":true,"showImageEffects":true,"showParticleSystems":true,"showVisualEffectGraphs":true,"m_FxEnabled":true},"in2DMode":false,"pivot":{"x":0.32831665873527529,"y":1.3593182563781739,"z":-3.817180633544922},"rotation":{"x":-0.04552043601870537,"y":0.9486304521560669,"z":-0.1590479016304016,"w":-0.26993218064308169},"size":0.7330126166343689,"orthographic":false}