{"cameraMode":{"drawMode":0,"name":"Shaded","section":"Shading Mode"},"sceneLighting":false,"audioPlay":false,"sceneViewState":{"m_AlwaysRefresh":false,"showFog":true,"showSkybox":false,"showFlares":true,"showImageEffects":true,"showParticleSystems":true,"showVisualEffectGraphs":true,"m_FxEnabled":true},"in2DMode":false,"pivot":{"x":0.21352462470531465,"y":1.388779640197754,"z":-3.4250125885009767},"rotation":{"x":0.01763826236128807,"y":0.9742505550384522,"z":-0.2088909149169922,"w":0.0838003009557724},"size":0.6388910412788391,"orthographic":false}