{"cameraMode":{"drawMode":0,"name":"Shaded","section":"Shading Mode"},"sceneLighting":true,"audioPlay":false,"sceneViewState":{"m_AlwaysRefresh":false,"showFog":true,"showSkybox":true,"showFlares":true,"showImageEffects":true,"showParticleSystems":true,"showVisualEffectGraphs":true,"m_FxEnabled":true},"in2DMode":false,"pivot":{"x":5.822127342224121,"y":0.7706757187843323,"z":-4.220757484436035},"rotation":{"x":-0.0024045249447226526,"y":0.976414144039154,"z":0.21610264480113984,"w":0.010149086825549603},"size":1.9197430610656739,"orthographic":false}