{"cameraMode":{"drawMode":0,"name":"Shaded","section":"Shading Mode"},"sceneLighting":false,"audioPlay":false,"sceneViewState":{"m_AlwaysRefresh":false,"showFog":true,"showSkybox":false,"showFlares":true,"showImageEffects":true,"showParticleSystems":true,"showVisualEffectGraphs":true,"m_FxEnabled":true},"in2DMode":false,"pivot":{"x":6.310887100708772e-32,"y":-0.22568780183792115,"z":-0.022585861384868623},"rotation":{"x":-0.036480966955423358,"y":-0.9559813141822815,"z":-0.13539916276931764,"w":0.25782254338264468},"size":0.41942885518074038,"orthographic":false}