{"cameraMode":{"drawMode":0,"name":"Shaded","section":"Shading Mode"},"sceneLighting":false,"audioPlay":false,"sceneViewState":{"m_AlwaysRefresh":false,"showFog":true,"showSkybox":false,"showFlares":true,"showImageEffects":true,"showParticleSystems":true,"showVisualEffectGraphs":true,"m_FxEnabled":true},"in2DMode":false,"pivot":{"x":2.242520332336426,"y":1.8644580841064454,"z":-2.8888120651245119},"rotation":{"x":-0.012385460548102856,"y":-0.5648229718208313,"z":-0.00844201073050499,"w":0.8251109719276428},"size":0.8660253882408142,"orthographic":false}