{"cameraMode":{"drawMode":0,"name":"Shaded","section":"Shading Mode"},"sceneLighting":false,"audioPlay":false,"sceneViewState":{"m_AlwaysRefresh":false,"showFog":true,"showSkybox":false,"showFlares":true,"showImageEffects":true,"showParticleSystems":true,"showVisualEffectGraphs":true,"m_FxEnabled":true},"in2DMode":false,"pivot":{"x":-2.158876657485962,"y":0.9371391534805298,"z":-1.6626862287521363},"rotation":{"x":0.16853171586990357,"y":-0.5444537401199341,"z":0.1124221459031105,"w":0.8140333890914917},"size":0.34827151894569399,"orthographic":false}