{"cameraMode":{"drawMode":0,"name":"Shaded","section":"Shading Mode"},"sceneLighting":false,"audioPlay":false,"sceneViewState":{"m_AlwaysRefresh":false,"showFog":true,"showSkybox":false,"showFlares":true,"showImageEffects":true,"showParticleSystems":true,"showVisualEffectGraphs":true,"m_FxEnabled":true},"in2DMode":false,"pivot":{"x":0.018768779933452607,"y":-0.05760635808110237,"z":-0.10960064083337784},"rotation":{"x":-0.36625537276268008,"y":-0.0960502177476883,"z":0.03815062716603279,"w":-0.9248241186141968},"size":0.13561861217021943,"orthographic":false}